username,phone,token,userId
username_test_1,13800000001,eyJhbGciOiJIUzM4NCJ9.eyJwaG9uZSI6IjEzODAwMDAwMDAxIiwidHlwZSI6ImFjY2VzcyIsInVzZXJJZCI6IlVTRVJfMTc2MjMzNjUzNTM0Nl82NDciLCJzdWIiOiJVU0VSXzE3NjIzMzY1MzUzNDZfNjQ3IiwiaWF0IjoxNzYyMzM2NTM1LCJleHAiOjE3NjI0MjI5MzV9.BdvUO5erQdXzALQeDt-2-USFUPhjkjx7feHD4D-6eM9SU-SVDvXZQ_NEyb3vE80F,USER_1762336535346_647
username_test_2,13800000002,eyJhbGciOiJIUzM4NCJ9.eyJwaG9uZSI6IjEzODAwMDAwMDAyIiwidHlwZSI6ImFjY2VzcyIsInVzZXJJZCI6IlVTRVJfMTc2MjMzNjUzNTUzMl8zNDEiLCJzdWIiOiJVU0VSXzE3NjIzMzY1MzU1MzJfMzQxIiwiaWF0IjoxNzYyMzM2NTM1LCJleHAiOjE3NjI0MjI5MzV9.QHkboJZk-uqETMqb8qYkYFHgCo6dOPoN0BtA3bngBczkpLmBGO1qwpJKzncIAhl1,USER_1762336535532_341
username_test_3,13800000003,eyJhbGciOiJIUzM4NCJ9.eyJwaG9uZSI6IjEzODAwMDAwMDAzIiwidHlwZSI6ImFjY2VzcyIsInVzZXJJZCI6IlVTRVJfMTc2MjMzNjUzNTcxMl8zNTYiLCJzdWIiOiJVU0VSXzE3NjIzMzY1MzU3MTJfMzU2IiwiaWF0IjoxNzYyMzM2NTM1LCJleHAiOjE3NjI0MjI5MzV9.oM3pihd-1U_uQrIN-MQ7MtHAzgkmPyM0zFsAv_CnTqTchjI3W41UMQ0_Df-J9-II,USER_1762336535712_356
username_test_4,13800000004,eyJhbGciOiJIUzM4NCJ9.eyJwaG9uZSI6IjEzODAwMDAwMDA0IiwidHlwZSI6ImFjY2VzcyIsInVzZXJJZCI6IlVTRVJfMTc2MjMzNjUzNTg4OV83OTciLCJzdWIiOiJVU0VSXzE3NjIzMzY1MzU4ODlfNzk3IiwiaWF0IjoxNzYyMzM2NTM1LCJleHAiOjE3NjI0MjI5MzV9.GPOiH3Nx82YsFzWR3yRnrcQY534bcUnsJhjS40lVXhvWLsHU53A2Klvnqo8kPrQu,USER_1762336535889_797
username_test_5,13800000005,eyJhbGciOiJIUzM4NCJ9.eyJwaG9uZSI6IjEzODAwMDAwMDA1IiwidHlwZSI6ImFjY2VzcyIsInVzZXJJZCI6IlVTRVJfMTc2MjMzNjUzNjA2OF81OTEiLCJzdWIiOiJVU0VSXzE3NjIzMzY1MzYwNjhfNTkxIiwiaWF0IjoxNzYyMzM2NTM2LCJleHAiOjE3NjI0MjI5MzZ9.fkmBs3yOZIVTghA-1MCfnHAm8fLoS-SlVg5q2tHtmoptT0rFddANKfvnxoy7vV4o,USER_1762336536068_591
username_test_6,13800000006,eyJhbGciOiJIUzM4NCJ9.eyJwaG9uZSI6IjEzODAwMDAwMDA2IiwidHlwZSI6ImFjY2VzcyIsInVzZXJJZCI6IlVTRVJfMTc2MjMzNjUzNjI1NF8xMzkiLCJzdWIiOiJVU0VSXzE3NjIzMzY1MzYyNTRfMTM5IiwiaWF0IjoxNzYyMzM2NTM2LCJleHAiOjE3NjI0MjI5MzZ9.IQQch8msrua52WlQrr6upffiRHfelYbcjgJBz81RtxheuupKqmha8CkTcBSE2fh8,USER_1762336536254_139
username_test_7,13800000007,eyJhbGciOiJIUzM4NCJ9.eyJwaG9uZSI6IjEzODAwMDAwMDA3IiwidHlwZSI6ImFjY2VzcyIsInVzZXJJZCI6IlVTRVJfMTc2MjMzNjUzNjQzNV80MzEiLCJzdWIiOiJVU0VSXzE3NjIzMzY1MzY0MzVfNDMxIiwiaWF0IjoxNzYyMzM2NTM2LCJleHAiOjE3NjI0MjI5MzZ9.X1aRhz-J7_tvttoMRuJWJymaHFtkRvntqb5JyP4-UzTwfF0qyJGixtNsrPvqyzVC,USER_1762336536435_431
username_test_8,13800000008,eyJhbGciOiJIUzM4NCJ9.eyJwaG9uZSI6IjEzODAwMDAwMDA4IiwidHlwZSI6ImFjY2VzcyIsInVzZXJJZCI6IlVTRVJfMTc2MjMzNjUzNjYxNF8zMTUiLCJzdWIiOiJVU0VSXzE3NjIzMzY1MzY2MTRfMzE1IiwiaWF0IjoxNzYyMzM2NTM2LCJleHAiOjE3NjI0MjI5MzZ9.-YK37smq0ggwgVyWzbbIUBKBuVwGCLPXYXmodlvOQu38g9h8gZpWwxytw36AjofA,USER_1762336536614_315
username_test_9,13800000009,eyJhbGciOiJIUzM4NCJ9.eyJwaG9uZSI6IjEzODAwMDAwMDA5IiwidHlwZSI6ImFjY2VzcyIsInVzZXJJZCI6IlVTRVJfMTc2MjMzNjUzNjc5Ml82MjQiLCJzdWIiOiJVU0VSXzE3NjIzMzY1MzY3OTJfNjI0IiwiaWF0IjoxNzYyMzM2NTM2LCJleHAiOjE3NjI0MjI5MzZ9.NuIx5LRwMh7oedFnBJ4FevpY72pY3XNiT0UlhpPuxGvK7AeqsDKpTsj3F7onBTG0,USER_1762336536792_624
username_test_10,13800000010,eyJhbGciOiJIUzM4NCJ9.eyJwaG9uZSI6IjEzODAwMDAwMDEwIiwidHlwZSI6ImFjY2VzcyIsInVzZXJJZCI6IlVTRVJfMTc2MjMzNjUzNjk2OF84NzIiLCJzdWIiOiJVU0VSXzE3NjIzMzY1MzY5NjhfODcyIiwiaWF0IjoxNzYyMzM2NTM3LCJleHAiOjE3NjI0MjI5Mzd9.TuNM871eEfgVp2VBULr6cxMRDDWD2p0_YzziXbDy-tK-ceT0DZM-z-pabH_Tp1jl,USER_1762336536968_872
username_test_11,13800000011,eyJhbGciOiJIUzM4NCJ9.eyJwaG9uZSI6IjEzODAwMDAwMDExIiwidHlwZSI6ImFjY2VzcyIsInVzZXJJZCI6IlVTRVJfMTc2MjMzNjUzNzE0NV8xMCIsInN1YiI6IlVTRVJfMTc2MjMzNjUzNzE0NV8xMCIsImlhdCI6MTc2MjMzNjUzNywiZXhwIjoxNzYyNDIyOTM3fQ.qTSsO6VypOiFZowEu2U_JlB-Yz81D4DfRDr3tKX3LqOUtOTg6TBV-bKPDvimkzgA,USER_1762336537145_10
username_test_12,13800000012,eyJhbGciOiJIUzM4NCJ9.eyJwaG9uZSI6IjEzODAwMDAwMDEyIiwidHlwZSI6ImFjY2VzcyIsInVzZXJJZCI6IlVTRVJfMTc2MjMzNjUzNzMyN182MjQiLCJzdWIiOiJVU0VSXzE3NjIzMzY1MzczMjdfNjI0IiwiaWF0IjoxNzYyMzM2NTM3LCJleHAiOjE3NjI0MjI5Mzd9.WpisksW89JwYnnyA3pLJu8ejIHA2LUeCeICySBK9bm8oaDNYMDNQsZBzfapKDTsr,USER_1762336537327_624
username_test_13,13800000013,eyJhbGciOiJIUzM4NCJ9.eyJwaG9uZSI6IjEzODAwMDAwMDEzIiwidHlwZSI6ImFjY2VzcyIsInVzZXJJZCI6IlVTRVJfMTc2MjMzNjUzNzUwNV85MzkiLCJzdWIiOiJVU0VSXzE3NjIzMzY1Mzc1MDVfOTM5IiwiaWF0IjoxNzYyMzM2NTM3LCJleHAiOjE3NjI0MjI5Mzd9.BQSZv_YYQ6n_R_YSgq-Q4ZrDk86lxzcA5sa0mxj79e5_7_68dmKw82MuQB8UKc4a,USER_1762336537505_939
username_test_14,13800000014,eyJhbGciOiJIUzM4NCJ9.eyJwaG9uZSI6IjEzODAwMDAwMDE0IiwidHlwZSI6ImFjY2VzcyIsInVzZXJJZCI6IlVTRVJfMTc2MjMzNjUzNzY4M18xNiIsInN1YiI6IlVTRVJfMTc2MjMzNjUzNzY4M18xNiIsImlhdCI6MTc2MjMzNjUzNywiZXhwIjoxNzYyNDIyOTM3fQ.6l17M6NwLHnmwzZTx71HWNzFGBLJ3SzGAYcbIYDCDNAGH8EGcec2kGDQrx3xurLC,USER_1762336537683_16
username_test_15,13800000015,eyJhbGciOiJIUzM4NCJ9.eyJwaG9uZSI6IjEzODAwMDAwMDE1IiwidHlwZSI6ImFjY2VzcyIsInVzZXJJZCI6IlVTRVJfMTc2MjMzNjUzNzg2MF84NzIiLCJzdWIiOiJVU0VSXzE3NjIzMzY1Mzc4NjBfODcyIiwiaWF0IjoxNzYyMzM2NTM3LCJleHAiOjE3NjI0MjI5Mzd9.cUaQ1dZAzXV7-zL_LNVKAIOWkOYeHHdSEp3N2jTtc-5PJEqHZgefFNBCfQnpVMiy,USER_1762336537860_872
username_test_16,13800000016,eyJhbGciOiJIUzM4NCJ9.eyJwaG9uZSI6IjEzODAwMDAwMDE2IiwidHlwZSI6ImFjY2VzcyIsInVzZXJJZCI6IlVTRVJfMTc2MjMzNjUzODA0Ml80MDkiLCJzdWIiOiJVU0VSXzE3NjIzMzY1MzgwNDJfNDA5IiwiaWF0IjoxNzYyMzM2NTM4LCJleHAiOjE3NjI0MjI5Mzh9.ddhx1TA1q3ocn2XHBbKeos1Gubs5V-NUdhElGqGuOlhG7zNsksawTiFYobZ_8Uk7,USER_1762336538042_409
username_test_17,13800000017,eyJhbGciOiJIUzM4NCJ9.eyJwaG9uZSI6IjEzODAwMDAwMDE3IiwidHlwZSI6ImFjY2VzcyIsInVzZXJJZCI6IlVTRVJfMTc2MjMzNjUzODIyMF8xMTUiLCJzdWIiOiJVU0VSXzE3NjIzMzY1MzgyMjBfMTE1IiwiaWF0IjoxNzYyMzM2NTM4LCJleHAiOjE3NjI0MjI5Mzh9.ZpxDDrQz2pRUtRpYC7m-3EHfCkOclmHiC-_biEQ9wHuz1isPwn9Vh862Am4BjjNC,USER_1762336538220_115
username_test_18,13800000018,eyJhbGciOiJIUzM4NCJ9.eyJwaG9uZSI6IjEzODAwMDAwMDE4IiwidHlwZSI6ImFjY2VzcyIsInVzZXJJZCI6IlVTRVJfMTc2MjMzNjUzODM5OF80ODAiLCJzdWIiOiJVU0VSXzE3NjIzMzY1MzgzOThfNDgwIiwiaWF0IjoxNzYyMzM2NTM4LCJleHAiOjE3NjI0MjI5Mzh9.IirXFGNwfbcJfoE8MRoMfY9mk-FsV_ifMYqfD3VsqBw3qjZ0U82QB3URNAZwZONV,USER_1762336538398_480
username_test_19,13800000019,eyJhbGciOiJIUzM4NCJ9.eyJwaG9uZSI6IjEzODAwMDAwMDE5IiwidHlwZSI6ImFjY2VzcyIsInVzZXJJZCI6IlVTRVJfMTc2MjMzNjUzODU3NF81MzgiLCJzdWIiOiJVU0VSXzE3NjIzMzY1Mzg1NzRfNTM4IiwiaWF0IjoxNzYyMzM2NTM4LCJleHAiOjE3NjI0MjI5Mzh9.e5B9g0Fie_WOB_NR0JUxkhE_sDxpJy-5d6Q10UevNWX7lQDd-RhNtBc581OYARM6,USER_1762336538574_538
username_test_20,13800000020,eyJhbGciOiJIUzM4NCJ9.eyJwaG9uZSI6IjEzODAwMDAwMDIwIiwidHlwZSI6ImFjY2VzcyIsInVzZXJJZCI6IlVTRVJfMTc2MjMzNjUzODc1Ml85NCIsInN1YiI6IlVTRVJfMTc2MjMzNjUzODc1Ml85NCIsImlhdCI6MTc2MjMzNjUzOCwiZXhwIjoxNzYyNDIyOTM4fQ.dei847rDCYMsiWUqA8nUm5wC8ZAulJwie7lbST9TmyflaTP54bkJvWdIwBDFk374,USER_1762336538752_94
username_test_21,13800000021,eyJhbGciOiJIUzM4NCJ9.eyJwaG9uZSI6IjEzODAwMDAwMDIxIiwidHlwZSI6ImFjY2VzcyIsInVzZXJJZCI6IlVTRVJfMTc2MjMzNjUzODkyOV8xMTUiLCJzdWIiOiJVU0VSXzE3NjIzMzY1Mzg5MjlfMTE1IiwiaWF0IjoxNzYyMzM2NTM4LCJleHAiOjE3NjI0MjI5Mzh9.Lca7Djzy0wHK8q3kGm7hbQfjBMZ96uvAdT3rf6pi9ge3mA5bPwfR4DM-G9oHSqTe,USER_1762336538929_115
username_test_22,13800000022,eyJhbGciOiJIUzM4NCJ9.eyJwaG9uZSI6IjEzODAwMDAwMDIyIiwidHlwZSI6ImFjY2VzcyIsInVzZXJJZCI6IlVTRVJfMTc2MjMzNjUzOTEwN18xNDkiLCJzdWIiOiJVU0VSXzE3NjIzMzY1MzkxMDdfMTQ5IiwiaWF0IjoxNzYyMzM2NTM5LCJleHAiOjE3NjI0MjI5Mzl9.U1GqCFNmy0KXEcjpbfn76o5Vt9idgWrzlNppUONnZsmPvSdu6MXQkpgjOGrtiaD4,USER_1762336539107_149
username_test_23,13800000023,eyJhbGciOiJIUzM4NCJ9.eyJwaG9uZSI6IjEzODAwMDAwMDIzIiwidHlwZSI6ImFjY2VzcyIsInVzZXJJZCI6IlVTRVJfMTc2MjMzNjUzOTI5OF84ODEiLCJzdWIiOiJVU0VSXzE3NjIzMzY1MzkyOThfODgxIiwiaWF0IjoxNzYyMzM2NTQwLCJleHAiOjE3NjI0MjI5NDB9.ksUAJNasvl7D1OTjQBsRkX5xaNasVeYPfixTK4IgYX7PS7JJYS8TbRzHvhL07ww3,USER_1762336539298_881
username_test_24,13800000024,eyJhbGciOiJIUzM4NCJ9.eyJwaG9uZSI6IjEzODAwMDAwMDI0IiwidHlwZSI6ImFjY2VzcyIsInVzZXJJZCI6IlVTRVJfMTc2MjMzNjU0MDE5NV8xNzYiLCJzdWIiOiJVU0VSXzE3NjIzMzY1NDAxOTVfMTc2IiwiaWF0IjoxNzYyMzM2NTQwLCJleHAiOjE3NjI0MjI5NDB9.TRvwcSsTBKfEetK-piA_K9TvytfVMX8zmXAto1ZKhesG0L4WCd7wAi1rg4L1GwA6,USER_1762336540195_176
username_test_25,13800000025,eyJhbGciOiJIUzM4NCJ9.eyJwaG9uZSI6IjEzODAwMDAwMDI1IiwidHlwZSI6ImFjY2VzcyIsInVzZXJJZCI6IlVTRVJfMTc2MjMzNjU0MDQ4OV80ODQiLCJzdWIiOiJVU0VSXzE3NjIzMzY1NDA0ODlfNDg0IiwiaWF0IjoxNzYyMzM2NTQwLCJleHAiOjE3NjI0MjI5NDB9.7EMEctbXgMoNsh7QMotvBdx7lH2rTU17CEalGuaQbfB5j9T1tq5uCLr5HbZvZHwe,USER_1762336540489_484
username_test_26,13800000026,eyJhbGciOiJIUzM4NCJ9.eyJwaG9uZSI6IjEzODAwMDAwMDI2IiwidHlwZSI6ImFjY2VzcyIsInVzZXJJZCI6IlVTRVJfMTc2MjMzNjU0MDY2OF8xNSIsInN1YiI6IlVTRVJfMTc2MjMzNjU0MDY2OF8xNSIsImlhdCI6MTc2MjMzNjU0MCwiZXhwIjoxNzYyNDIyOTQwfQ.42scq8z_XFTbleXg_S7hHBH8oO0_6Sdco6mYRY7X3o64rMC3REzvWC3-8D0ugrWv,USER_1762336540668_15
username_test_27,13800000027,eyJhbGciOiJIUzM4NCJ9.eyJwaG9uZSI6IjEzODAwMDAwMDI3IiwidHlwZSI6ImFjY2VzcyIsInVzZXJJZCI6IlVTRVJfMTc2MjMzNjU0MDg0M18zMDkiLCJzdWIiOiJVU0VSXzE3NjIzMzY1NDA4NDNfMzA5IiwiaWF0IjoxNzYyMzM2NTQwLCJleHAiOjE3NjI0MjI5NDB9.D9Z1G7ExBOKlXq4kferYqA-uf2yfSVTrE-KFhXIMm2sFEZjRIk6qz7_b-QH1v8JG,USER_1762336540843_309
username_test_28,13800000028,eyJhbGciOiJIUzM4NCJ9.eyJwaG9uZSI6IjEzODAwMDAwMDI4IiwidHlwZSI6ImFjY2VzcyIsInVzZXJJZCI6IlVTRVJfMTc2MjMzNjU0MTAyMF8yOTkiLCJzdWIiOiJVU0VSXzE3NjIzMzY1NDEwMjBfMjk5IiwiaWF0IjoxNzYyMzM2NTQxLCJleHAiOjE3NjI0MjI5NDF9.33ErN8w59cNpzN1hVpQpL4k7lCbOiTRLnFUSXK3K5O9EqreOfhH8B_ZxumyRGqFd,USER_1762336541020_299
username_test_29,13800000029,eyJhbGciOiJIUzM4NCJ9.eyJwaG9uZSI6IjEzODAwMDAwMDI5IiwidHlwZSI6ImFjY2VzcyIsInVzZXJJZCI6IlVTRVJfMTc2MjMzNjU0MTE5NF80Iiwic3ViIjoiVVNFUl8xNzYyMzM2NTQxMTk0XzQiLCJpYXQiOjE3NjIzMzY1NDEsImV4cCI6MTc2MjQyMjk0MX0.Rh4FkAXEKTYRG5tiDVCdkXsP7dv2MoYajBQ5jDDExY_UkErl1QzrSTGJKZGQEh-S,USER_1762336541194_4
username_test_30,13800000030,eyJhbGciOiJIUzM4NCJ9.eyJwaG9uZSI6IjEzODAwMDAwMDMwIiwidHlwZSI6ImFjY2VzcyIsInVzZXJJZCI6IlVTRVJfMTc2MjMzNjU0MTM3MV82NTEiLCJzdWIiOiJVU0VSXzE3NjIzMzY1NDEzNzFfNjUxIiwiaWF0IjoxNzYyMzM2NTQxLCJleHAiOjE3NjI0MjI5NDF9.3WEnmgHk8nPNdwUYlkCUt3s957db40L--CO22oEs2zvrv97XmpFB_1HaQE5fF2D8,USER_1762336541371_651
username_test_31,13800000031,eyJhbGciOiJIUzM4NCJ9.eyJwaG9uZSI6IjEzODAwMDAwMDMxIiwidHlwZSI6ImFjY2VzcyIsInVzZXJJZCI6IlVTRVJfMTc2MjMzNjU0MTU0OV85MTEiLCJzdWIiOiJVU0VSXzE3NjIzMzY1NDE1NDlfOTExIiwiaWF0IjoxNzYyMzM2NTQxLCJleHAiOjE3NjI0MjI5NDF9.vW7PwvmnfA2Kvj_39pFnzg-jCE5-m3m7Kwn6EOoVRWv8w1H9cHAF9Q7nNgWGuQMh,USER_1762336541549_911
username_test_32,13800000032,eyJhbGciOiJIUzM4NCJ9.eyJwaG9uZSI6IjEzODAwMDAwMDMyIiwidHlwZSI6ImFjY2VzcyIsInVzZXJJZCI6IlVTRVJfMTc2MjMzNjU0MTcyNV8zMTUiLCJzdWIiOiJVU0VSXzE3NjIzMzY1NDE3MjVfMzE1IiwiaWF0IjoxNzYyMzM2NTQxLCJleHAiOjE3NjI0MjI5NDF9.uAfZnJ0o5x5q-dxZeDCq5EfjXOxGYOWQCdbbX_5yTSahIEvxAPyb8si1ag-TifuZ,USER_1762336541725_315
username_test_33,13800000033,eyJhbGciOiJIUzM4NCJ9.eyJwaG9uZSI6IjEzODAwMDAwMDMzIiwidHlwZSI6ImFjY2VzcyIsInVzZXJJZCI6IlVTRVJfMTc2MjMzNjU0MTkwM182NjQiLCJzdWIiOiJVU0VSXzE3NjIzMzY1NDE5MDNfNjY0IiwiaWF0IjoxNzYyMzM2NTQxLCJleHAiOjE3NjI0MjI5NDF9.m0LXQRmdt1M9uEqScR0YZ7pZklTPcNcrsdAOUTUIPSyYYQuddcQAbj8xUn_zl-cR,USER_1762336541903_664
username_test_34,13800000034,eyJhbGciOiJIUzM4NCJ9.eyJwaG9uZSI6IjEzODAwMDAwMDM0IiwidHlwZSI6ImFjY2VzcyIsInVzZXJJZCI6IlVTRVJfMTc2MjMzNjU0MjA3OV83MzciLCJzdWIiOiJVU0VSXzE3NjIzMzY1NDIwNzlfNzM3IiwiaWF0IjoxNzYyMzM2NTQyLCJleHAiOjE3NjI0MjI5NDJ9.Bn363gKZNmy1xrCH9whrgUin6lNcazRf3HYkMsSpxUz2P_gN7tM0UUWWIM57iB3C,USER_1762336542079_737
username_test_35,13800000035,eyJhbGciOiJIUzM4NCJ9.eyJwaG9uZSI6IjEzODAwMDAwMDM1IiwidHlwZSI6ImFjY2VzcyIsInVzZXJJZCI6IlVTRVJfMTc2MjMzNjU0MjI1OF8yOTgiLCJzdWIiOiJVU0VSXzE3NjIzMzY1NDIyNThfMjk4IiwiaWF0IjoxNzYyMzM2NTQyLCJleHAiOjE3NjI0MjI5NDJ9.KGlejQmy5OqAzACm-zpFc4kB3YF80TNyzOqAX7hyuD13JV_FAnHE4eSnFWc6O-zw,USER_1762336542258_298
username_test_36,13800000036,eyJhbGciOiJIUzM4NCJ9.eyJwaG9uZSI6IjEzODAwMDAwMDM2IiwidHlwZSI6ImFjY2VzcyIsInVzZXJJZCI6IlVTRVJfMTc2MjMzNjU0MjQzNl8yNjgiLCJzdWIiOiJVU0VSXzE3NjIzMzY1NDI0MzZfMjY4IiwiaWF0IjoxNzYyMzM2NTQyLCJleHAiOjE3NjI0MjI5NDJ9.lhIlUCbUmL8sMfCX5OPlb20C6EuWEF-LLkd3MXItLZCeIuFwszq_niJrqnlPm8-S,USER_1762336542436_268
username_test_37,13800000037,eyJhbGciOiJIUzM4NCJ9.eyJwaG9uZSI6IjEzODAwMDAwMDM3IiwidHlwZSI6ImFjY2VzcyIsInVzZXJJZCI6IlVTRVJfMTc2MjMzNjU0MjYxMl85MjMiLCJzdWIiOiJVU0VSXzE3NjIzMzY1NDI2MTJfOTIzIiwiaWF0IjoxNzYyMzM2NTQyLCJleHAiOjE3NjI0MjI5NDJ9.phv_rxIQQmu8c5hb0Fb6R158jJIMCqZJpgGTxEKfYJr4xfAvFU4eFQrQfb5vMbEz,USER_1762336542612_923
username_test_38,13800000038,eyJhbGciOiJIUzM4NCJ9.eyJwaG9uZSI6IjEzODAwMDAwMDM4IiwidHlwZSI6ImFjY2VzcyIsInVzZXJJZCI6IlVTRVJfMTc2MjMzNjU0Mjc5NF84MzUiLCJzdWIiOiJVU0VSXzE3NjIzMzY1NDI3OTRfODM1IiwiaWF0IjoxNzYyMzM2NTQyLCJleHAiOjE3NjI0MjI5NDJ9.HtNuA3C7epehJHA7eub6k9tB2ezNnuB-T4wGs3ZQv__x1hCEJoiTiABMOJMGAgM5,USER_1762336542794_835
username_test_39,13800000039,eyJhbGciOiJIUzM4NCJ9.eyJwaG9uZSI6IjEzODAwMDAwMDM5IiwidHlwZSI6ImFjY2VzcyIsInVzZXJJZCI6IlVTRVJfMTc2MjMzNjU0Mjk2OF81NyIsInN1YiI6IlVTRVJfMTc2MjMzNjU0Mjk2OF81NyIsImlhdCI6MTc2MjMzNjU0MywiZXhwIjoxNzYyNDIyOTQzfQ.UMhB74wyzw_74t-DGZSfbcLrq9mbXpabJD1khu5LLJI5bmaX4c8l8kI2oqhmD80M,USER_1762336542968_57
username_test_40,13800000040,eyJhbGciOiJIUzM4NCJ9.eyJwaG9uZSI6IjEzODAwMDAwMDQwIiwidHlwZSI6ImFjY2VzcyIsInVzZXJJZCI6IlVTRVJfMTc2MjMzNjU0MzE0NF8yNTUiLCJzdWIiOiJVU0VSXzE3NjIzMzY1NDMxNDRfMjU1IiwiaWF0IjoxNzYyMzM2NTQzLCJleHAiOjE3NjI0MjI5NDN9.Y5fuo6xB22sMGMoDtkkASZxdze3-YfAanumnln2b8W_iL2h1bPjNfGKT9IZAxus4,USER_1762336543144_255
username_test_41,13800000041,eyJhbGciOiJIUzM4NCJ9.eyJwaG9uZSI6IjEzODAwMDAwMDQxIiwidHlwZSI6ImFjY2VzcyIsInVzZXJJZCI6IlVTRVJfMTc2MjMzNjU0MzMyMF82MzkiLCJzdWIiOiJVU0VSXzE3NjIzMzY1NDMzMjBfNjM5IiwiaWF0IjoxNzYyMzM2NTQzLCJleHAiOjE3NjI0MjI5NDN9.5U0OiCUm4Uo9esQAT5hzuvh_gx5enjg-UiIf7Qmv8T7QCnrmYDTCpqwNMjNJeSXv,USER_1762336543320_639
username_test_42,13800000042,eyJhbGciOiJIUzM4NCJ9.eyJwaG9uZSI6IjEzODAwMDAwMDQyIiwidHlwZSI6ImFjY2VzcyIsInVzZXJJZCI6IlVTRVJfMTc2MjMzNjU0MzQ5OV83MTgiLCJzdWIiOiJVU0VSXzE3NjIzMzY1NDM0OTlfNzE4IiwiaWF0IjoxNzYyMzM2NTQzLCJleHAiOjE3NjI0MjI5NDN9.vj7OFf2pfxRkIaHiARrVQJRkqNTpBXdXskbOIwj9XmDIGFPqi6E0smwmSZ6QTGgp,USER_1762336543499_718
username_test_43,13800000043,eyJhbGciOiJIUzM4NCJ9.eyJwaG9uZSI6IjEzODAwMDAwMDQzIiwidHlwZSI6ImFjY2VzcyIsInVzZXJJZCI6IlVTRVJfMTc2MjMzNjU0MzY3OV83MTAiLCJzdWIiOiJVU0VSXzE3NjIzMzY1NDM2NzlfNzEwIiwiaWF0IjoxNzYyMzM2NTQzLCJleHAiOjE3NjI0MjI5NDN9.-JZ8mdHPK3nK_AxV9WJEEYPuprxsO-vFYZPvX4LubFto08YY2ZnILm7UG7BSFutB,USER_1762336543679_710
username_test_44,13800000044,eyJhbGciOiJIUzM4NCJ9.eyJwaG9uZSI6IjEzODAwMDAwMDQ0IiwidHlwZSI6ImFjY2VzcyIsInVzZXJJZCI6IlVTRVJfMTc2MjMzNjU0Mzg1OV8xNDUiLCJzdWIiOiJVU0VSXzE3NjIzMzY1NDM4NTlfMTQ1IiwiaWF0IjoxNzYyMzM2NTQzLCJleHAiOjE3NjI0MjI5NDN9.q35T2RiJeo-axOj83cH_uF9t134b39-bpAyJoe7X_00uia8C-HGNJCGGd9o7-_AC,USER_1762336543859_145
username_test_45,13800000045,eyJhbGciOiJIUzM4NCJ9.eyJwaG9uZSI6IjEzODAwMDAwMDQ1IiwidHlwZSI6ImFjY2VzcyIsInVzZXJJZCI6IlVTRVJfMTc2MjMzNjU0NDAzOV8yNTAiLCJzdWIiOiJVU0VSXzE3NjIzMzY1NDQwMzlfMjUwIiwiaWF0IjoxNzYyMzM2NTQ0LCJleHAiOjE3NjI0MjI5NDR9._vsipehtFLqkDDqWbZhdlpkvtuE2XDq7tt4_pmy1SUZsNoE3bZh-1oBWGUD1699a,USER_1762336544039_250
username_test_46,13800000046,eyJhbGciOiJIUzM4NCJ9.eyJwaG9uZSI6IjEzODAwMDAwMDQ2IiwidHlwZSI6ImFjY2VzcyIsInVzZXJJZCI6IlVTRVJfMTc2MjMzNjU0NDIxOV8zODgiLCJzdWIiOiJVU0VSXzE3NjIzMzY1NDQyMTlfMzg4IiwiaWF0IjoxNzYyMzM2NTQ0LCJleHAiOjE3NjI0MjI5NDR9.QQbvjHj0ygFh3cmUerN2s3HGmI4IVDvPzdxGZsYu8B_NKofTDcC1tRReEHRQ5-h0,USER_1762336544219_388
username_test_47,13800000047,eyJhbGciOiJIUzM4NCJ9.eyJwaG9uZSI6IjEzODAwMDAwMDQ3IiwidHlwZSI6ImFjY2VzcyIsInVzZXJJZCI6IlVTRVJfMTc2MjMzNjU0NDQwMV85MDQiLCJzdWIiOiJVU0VSXzE3NjIzMzY1NDQ0MDFfOTA0IiwiaWF0IjoxNzYyMzM2NTQ0LCJleHAiOjE3NjI0MjI5NDR9.Fgrrki8sIHg8ekeKyWgG8n9sZeJVno8tZjZqsKk-W1-089t41y7uTRIdoIU5waV4,USER_1762336544401_904
username_test_48,13800000048,eyJhbGciOiJIUzM4NCJ9.eyJwaG9uZSI6IjEzODAwMDAwMDQ4IiwidHlwZSI6ImFjY2VzcyIsInVzZXJJZCI6IlVTRVJfMTc2MjMzNjU0NDU4MF85MDUiLCJzdWIiOiJVU0VSXzE3NjIzMzY1NDQ1ODBfOTA1IiwiaWF0IjoxNzYyMzM2NTQ0LCJleHAiOjE3NjI0MjI5NDR9.fk6rQq3Oc9opuYfkeg4cG--R-YEkFGqmomGuofWN3YKuVMqKtrWwTaysRXh5jNQv,USER_1762336544580_905
username_test_49,13800000049,eyJhbGciOiJIUzM4NCJ9.eyJwaG9uZSI6IjEzODAwMDAwMDQ5IiwidHlwZSI6ImFjY2VzcyIsInVzZXJJZCI6IlVTRVJfMTc2MjMzNjU0NDc1N183NTUiLCJzdWIiOiJVU0VSXzE3NjIzMzY1NDQ3NTdfNzU1IiwiaWF0IjoxNzYyMzM2NTQ0LCJleHAiOjE3NjI0MjI5NDR9.HFQrqazoNR53BY2a5ACopMFRTjWHS0vFJjRz8mzqfYf1vpnzHRi7eSsOISmq76I0,USER_1762336544757_755
username_test_50,13800000050,eyJhbGciOiJIUzM4NCJ9.eyJwaG9uZSI6IjEzODAwMDAwMDUwIiwidHlwZSI6ImFjY2VzcyIsInVzZXJJZCI6IlVTRVJfMTc2MjMzNjU0NDkzN180MzgiLCJzdWIiOiJVU0VSXzE3NjIzMzY1NDQ5MzdfNDM4IiwiaWF0IjoxNzYyMzM2NTQ1LCJleHAiOjE3NjI0MjI5NDV9.olN4eICJ1VtFiWeSenm9BjyG8nLW0uQsCQkiT99c81IK-O5QQaKT3yk1Ma2TUBJ2,USER_1762336544937_438
username_test_51,13800000051,eyJhbGciOiJIUzM4NCJ9.eyJwaG9uZSI6IjEzODAwMDAwMDUxIiwidHlwZSI6ImFjY2VzcyIsInVzZXJJZCI6IlVTRVJfMTc2MjMzNjU0NTExOV81OTciLCJzdWIiOiJVU0VSXzE3NjIzMzY1NDUxMTlfNTk3IiwiaWF0IjoxNzYyMzM2NTQ1LCJleHAiOjE3NjI0MjI5NDV9.4q47nuEWxxOEhMDMplIBWuCBnAVCVz1QJb73mNUrGesg6DvN1OBvGdYYAyhz7dZV,USER_1762336545119_597
username_test_52,13800000052,eyJhbGciOiJIUzM4NCJ9.eyJwaG9uZSI6IjEzODAwMDAwMDUyIiwidHlwZSI6ImFjY2VzcyIsInVzZXJJZCI6IlVTRVJfMTc2MjMzNjU0NTI5Nl83MiIsInN1YiI6IlVTRVJfMTc2MjMzNjU0NTI5Nl83MiIsImlhdCI6MTc2MjMzNjU0NSwiZXhwIjoxNzYyNDIyOTQ1fQ.P7JtL4DkQE-D5iUyKsc4KzE6B2kDLEzdiR6nlb7-nVHWeYSDuobA7YTyQ1ueQQBq,USER_1762336545296_72
username_test_53,13800000053,eyJhbGciOiJIUzM4NCJ9.eyJwaG9uZSI6IjEzODAwMDAwMDUzIiwidHlwZSI6ImFjY2VzcyIsInVzZXJJZCI6IlVTRVJfMTc2MjMzNjU0NTg4MF83NDMiLCJzdWIiOiJVU0VSXzE3NjIzMzY1NDU4ODBfNzQzIiwiaWF0IjoxNzYyMzM2NTQ2LCJleHAiOjE3NjI0MjI5NDZ9.2CnBHW-TOx5dvRX_1FDAR6-CV_Luz7xpMBRp9JT_0UqiLTc7-UNjEJYJlGAA9mkg,USER_1762336545880_743
username_test_54,13800000054,eyJhbGciOiJIUzM4NCJ9.eyJwaG9uZSI6IjEzODAwMDAwMDU0IiwidHlwZSI6ImFjY2VzcyIsInVzZXJJZCI6IlVTRVJfMTc2MjMzNjU0NjUyOF83MjciLCJzdWIiOiJVU0VSXzE3NjIzMzY1NDY1MjhfNzI3IiwiaWF0IjoxNzYyMzM2NTQ2LCJleHAiOjE3NjI0MjI5NDZ9.rEBI8zbIpa4bq9bfKjS9uA9693F8Qp1xDlrlxMxM7Y5Cui9SpjXYrfntryLiCKmM,USER_1762336546528_727
username_test_55,13800000055,eyJhbGciOiJIUzM4NCJ9.eyJwaG9uZSI6IjEzODAwMDAwMDU1IiwidHlwZSI6ImFjY2VzcyIsInVzZXJJZCI6IlVTRVJfMTc2MjMzNjU0NjcwOF84NjAiLCJzdWIiOiJVU0VSXzE3NjIzMzY1NDY3MDhfODYwIiwiaWF0IjoxNzYyMzM2NTQ2LCJleHAiOjE3NjI0MjI5NDZ9.P-wCiBLFm_Ayfg1R93bKZijIrKDD9UZ3rB4U2FdKxXUm1-z1NjFPSwAGGqCnXRgO,USER_1762336546708_860
username_test_56,13800000056,eyJhbGciOiJIUzM4NCJ9.eyJwaG9uZSI6IjEzODAwMDAwMDU2IiwidHlwZSI6ImFjY2VzcyIsInVzZXJJZCI6IlVTRVJfMTc2MjMzNjU0Njg4NV85MjgiLCJzdWIiOiJVU0VSXzE3NjIzMzY1NDY4ODVfOTI4IiwiaWF0IjoxNzYyMzM2NTQ2LCJleHAiOjE3NjI0MjI5NDZ9.S97pZPM8cSez4bGSMACAAHP0WOq7VAfCbaZ89CZFvGET0tC7u7-56tIEV8oUCC2w,USER_1762336546885_928
username_test_57,13800000057,eyJhbGciOiJIUzM4NCJ9.eyJwaG9uZSI6IjEzODAwMDAwMDU3IiwidHlwZSI6ImFjY2VzcyIsInVzZXJJZCI6IlVTRVJfMTc2MjMzNjU0NzA2MF85MzAiLCJzdWIiOiJVU0VSXzE3NjIzMzY1NDcwNjBfOTMwIiwiaWF0IjoxNzYyMzM2NTQ3LCJleHAiOjE3NjI0MjI5NDd9.x90rxagXjiFWmpNvQTeq3V9mhoQDIgkPJgx9gSmh_30Hq71CBKqH2tWVqzPdE_r9,USER_1762336547060_930
username_test_58,13800000058,eyJhbGciOiJIUzM4NCJ9.eyJwaG9uZSI6IjEzODAwMDAwMDU4IiwidHlwZSI6ImFjY2VzcyIsInVzZXJJZCI6IlVTRVJfMTc2MjMzNjU0NzIzNl85MTgiLCJzdWIiOiJVU0VSXzE3NjIzMzY1NDcyMzZfOTE4IiwiaWF0IjoxNzYyMzM2NTQ3LCJleHAiOjE3NjI0MjI5NDd9.pEvk1wcLeW_N845OJtv0ZQB3xZVFAy7tZz3I8u6nzJ7OVv5yEHYm-rkDeKJvKF92,USER_1762336547236_918
username_test_59,13800000059,eyJhbGciOiJIUzM4NCJ9.eyJwaG9uZSI6IjEzODAwMDAwMDU5IiwidHlwZSI6ImFjY2VzcyIsInVzZXJJZCI6IlVTRVJfMTc2MjMzNjU0NzQxMV85NzUiLCJzdWIiOiJVU0VSXzE3NjIzMzY1NDc0MTFfOTc1IiwiaWF0IjoxNzYyMzM2NTQ3LCJleHAiOjE3NjI0MjI5NDd9.lfIBg6ayuDmVaxV-DDMh_LhjB3ZRYR6_Om8frY2dpccr97_NN7SK5xqjQz3bOJ4o,USER_1762336547411_975
username_test_60,13800000060,eyJhbGciOiJIUzM4NCJ9.eyJwaG9uZSI6IjEzODAwMDAwMDYwIiwidHlwZSI6ImFjY2VzcyIsInVzZXJJZCI6IlVTRVJfMTc2MjMzNjU0NzU4N18xMzIiLCJzdWIiOiJVU0VSXzE3NjIzMzY1NDc1ODdfMTMyIiwiaWF0IjoxNzYyMzM2NTQ3LCJleHAiOjE3NjI0MjI5NDd9.083_J5wVUQYj0ofHt-iSqB3rjEYNWGg7EskBiBPJa51COkPM7Mlf27KFc81RNeK5,USER_1762336547587_132
username_test_61,13800000061,eyJhbGciOiJIUzM4NCJ9.eyJwaG9uZSI6IjEzODAwMDAwMDYxIiwidHlwZSI6ImFjY2VzcyIsInVzZXJJZCI6IlVTRVJfMTc2MjMzNjU0Nzc2Ml80MzIiLCJzdWIiOiJVU0VSXzE3NjIzMzY1NDc3NjJfNDMyIiwiaWF0IjoxNzYyMzM2NTQ3LCJleHAiOjE3NjI0MjI5NDd9.bJlcciP3xAOgpyJzDlEZPABvG2zu-iveurAyCQC2DTWh2Gd0GdnggxBjNDDDeJeT,USER_1762336547762_432
username_test_62,13800000062,eyJhbGciOiJIUzM4NCJ9.eyJwaG9uZSI6IjEzODAwMDAwMDYyIiwidHlwZSI6ImFjY2VzcyIsInVzZXJJZCI6IlVTRVJfMTc2MjMzNjU0NzkzOF8xODkiLCJzdWIiOiJVU0VSXzE3NjIzMzY1NDc5MzhfMTg5IiwiaWF0IjoxNzYyMzM2NTQ4LCJleHAiOjE3NjI0MjI5NDh9.B1Rh31rQ2MUcasxN3RTlMYBDho1kNBXv4FMZ_lwoqGXchqWlFxVmpmBcKd4Vk6wq,USER_1762336547938_189
username_test_63,13800000063,eyJhbGciOiJIUzM4NCJ9.eyJwaG9uZSI6IjEzODAwMDAwMDYzIiwidHlwZSI6ImFjY2VzcyIsInVzZXJJZCI6IlVTRVJfMTc2MjMzNjU0ODExM183NzAiLCJzdWIiOiJVU0VSXzE3NjIzMzY1NDgxMTNfNzcwIiwiaWF0IjoxNzYyMzM2NTQ4LCJleHAiOjE3NjI0MjI5NDh9.PykxEZBUzDer_XtSSo10xRZ2oVreahaSrZtu5zT2CW_EGsUSlm8PJYrbOMJLibTO,USER_1762336548113_770
username_test_64,13800000064,eyJhbGciOiJIUzM4NCJ9.eyJwaG9uZSI6IjEzODAwMDAwMDY0IiwidHlwZSI6ImFjY2VzcyIsInVzZXJJZCI6IlVTRVJfMTc2MjMzNjU0ODI5Ml8yMjMiLCJzdWIiOiJVU0VSXzE3NjIzMzY1NDgyOTJfMjIzIiwiaWF0IjoxNzYyMzM2NTQ4LCJleHAiOjE3NjI0MjI5NDh9.NP392U8PPTAlR5XZPVuweyWOx9r09legTGn8OV3bEPrfmwLR-Nm4U5K3gW_lhZC7,USER_1762336548292_223
username_test_65,13800000065,eyJhbGciOiJIUzM4NCJ9.eyJwaG9uZSI6IjEzODAwMDAwMDY1IiwidHlwZSI6ImFjY2VzcyIsInVzZXJJZCI6IlVTRVJfMTc2MjMzNjU0ODQ2N18xNTAiLCJzdWIiOiJVU0VSXzE3NjIzMzY1NDg0NjdfMTUwIiwiaWF0IjoxNzYyMzM2NTQ4LCJleHAiOjE3NjI0MjI5NDh9.plJ46tOQe9QXovIYVaXj_TwZ-LlSknK2k3vL6ppMJ6CGEMb4TdDifubaFWPqPYX9,USER_1762336548467_150
username_test_66,13800000066,eyJhbGciOiJIUzM4NCJ9.eyJwaG9uZSI6IjEzODAwMDAwMDY2IiwidHlwZSI6ImFjY2VzcyIsInVzZXJJZCI6IlVTRVJfMTc2MjMzNjU0ODY0M181NjgiLCJzdWIiOiJVU0VSXzE3NjIzMzY1NDg2NDNfNTY4IiwiaWF0IjoxNzYyMzM2NTQ4LCJleHAiOjE3NjI0MjI5NDh9.FmnlZO8LOP7rw9CUAozvmOYsn94JkhLeGBU2m-eiPHss7P2O4WzxxJYggo0gjWGH,USER_1762336548643_568
username_test_67,13800000067,eyJhbGciOiJIUzM4NCJ9.eyJwaG9uZSI6IjEzODAwMDAwMDY3IiwidHlwZSI6ImFjY2VzcyIsInVzZXJJZCI6IlVTRVJfMTc2MjMzNjU0ODgyMF8yMjUiLCJzdWIiOiJVU0VSXzE3NjIzMzY1NDg4MjBfMjI1IiwiaWF0IjoxNzYyMzM2NTQ4LCJleHAiOjE3NjI0MjI5NDh9.fyFkD3qh_PZv7Ryc3fi6LcQSYtZLpGW0m2gyjS3Qii_Y7bbP6yFHn3wzbKg2s1ik,USER_1762336548820_225
username_test_68,13800000068,eyJhbGciOiJIUzM4NCJ9.eyJwaG9uZSI6IjEzODAwMDAwMDY4IiwidHlwZSI6ImFjY2VzcyIsInVzZXJJZCI6IlVTRVJfMTc2MjMzNjU0ODk5Nl83MzAiLCJzdWIiOiJVU0VSXzE3NjIzMzY1NDg5OTZfNzMwIiwiaWF0IjoxNzYyMzM2NTQ5LCJleHAiOjE3NjI0MjI5NDl9.v80uJVhTCO48ZDyz_MiyIMozf3bd_cdvjD7yys__ibzvlXsJjEsIgs8PdGpv_M-G,USER_1762336548996_730
username_test_69,13800000069,eyJhbGciOiJIUzM4NCJ9.eyJwaG9uZSI6IjEzODAwMDAwMDY5IiwidHlwZSI6ImFjY2VzcyIsInVzZXJJZCI6IlVTRVJfMTc2MjMzNjU0OTE3MF85ODEiLCJzdWIiOiJVU0VSXzE3NjIzMzY1NDkxNzBfOTgxIiwiaWF0IjoxNzYyMzM2NTQ5LCJleHAiOjE3NjI0MjI5NDl9.Y2Phs8m2_AOrcuqCl3ybVBMZLmF-o3fyoaeBBZWL8ArcyhXkYQ220OooaEZhqHg9,USER_1762336549170_981
username_test_70,13800000070,eyJhbGciOiJIUzM4NCJ9.eyJwaG9uZSI6IjEzODAwMDAwMDcwIiwidHlwZSI6ImFjY2VzcyIsInVzZXJJZCI6IlVTRVJfMTc2MjMzNjU0OTM0N182NTIiLCJzdWIiOiJVU0VSXzE3NjIzMzY1NDkzNDdfNjUyIiwiaWF0IjoxNzYyMzM2NTQ5LCJleHAiOjE3NjI0MjI5NDl9.Yq85mpK6uUkivEEPvsE6j-joC2_QiUXt1yUyjWN_MyHPGvPOxgI1svtk3F7vc0aW,USER_1762336549347_652
username_test_71,13800000071,eyJhbGciOiJIUzM4NCJ9.eyJwaG9uZSI6IjEzODAwMDAwMDcxIiwidHlwZSI6ImFjY2VzcyIsInVzZXJJZCI6IlVTRVJfMTc2MjMzNjU0OTUyMl8yMDciLCJzdWIiOiJVU0VSXzE3NjIzMzY1NDk1MjJfMjA3IiwiaWF0IjoxNzYyMzM2NTQ5LCJleHAiOjE3NjI0MjI5NDl9.9vb9jkLse7pIYraZfqP6tc19vkhVLPCBoaTQZU0cNkKycZClo28iJz7q_JG2psyg,USER_1762336549522_207
username_test_72,13800000072,eyJhbGciOiJIUzM4NCJ9.eyJwaG9uZSI6IjEzODAwMDAwMDcyIiwidHlwZSI6ImFjY2VzcyIsInVzZXJJZCI6IlVTRVJfMTc2MjMzNjU0OTY5OF8yOTEiLCJzdWIiOiJVU0VSXzE3NjIzMzY1NDk2OThfMjkxIiwiaWF0IjoxNzYyMzM2NTQ5LCJleHAiOjE3NjI0MjI5NDl9.N1WoKl1sHH0YEonSMo1opG5KF5_jc4BH8JD8UlSkDmxOxmq8leK6D-H7SS7gGcYy,USER_1762336549698_291
username_test_73,13800000073,eyJhbGciOiJIUzM4NCJ9.eyJwaG9uZSI6IjEzODAwMDAwMDczIiwidHlwZSI6ImFjY2VzcyIsInVzZXJJZCI6IlVTRVJfMTc2MjMzNjU0OTg3NF81OSIsInN1YiI6IlVTRVJfMTc2MjMzNjU0OTg3NF81OSIsImlhdCI6MTc2MjMzNjU0OSwiZXhwIjoxNzYyNDIyOTQ5fQ.MUebXEDmV3hw1iqJjN6AJkMQzSTB6hmdeHvNn3t-wNwELP4xIYGicNuVgRqdb6Cz,USER_1762336549874_59
username_test_74,13800000074,eyJhbGciOiJIUzM4NCJ9.eyJwaG9uZSI6IjEzODAwMDAwMDc0IiwidHlwZSI6ImFjY2VzcyIsInVzZXJJZCI6IlVTRVJfMTc2MjMzNjU1MDA1MF84NzkiLCJzdWIiOiJVU0VSXzE3NjIzMzY1NTAwNTBfODc5IiwiaWF0IjoxNzYyMzM2NTUwLCJleHAiOjE3NjI0MjI5NTB9.EOpM85r6RMmA2kV1e7x98cf2VepMY5HZXY6o2PXd3SHf0gAVCgNHpouhIZBSEzpv,USER_1762336550050_879
username_test_75,13800000075,eyJhbGciOiJIUzM4NCJ9.eyJwaG9uZSI6IjEzODAwMDAwMDc1IiwidHlwZSI6ImFjY2VzcyIsInVzZXJJZCI6IlVTRVJfMTc2MjMzNjU1MDIyN18xNzEiLCJzdWIiOiJVU0VSXzE3NjIzMzY1NTAyMjdfMTcxIiwiaWF0IjoxNzYyMzM2NTUwLCJleHAiOjE3NjI0MjI5NTB9.M-99rTwl_rTE7MSWnxzguEN81bq4JduBTaihoZ6sET9BT8znJByd27efxKsPh-rI,USER_1762336550227_171
username_test_76,13800000076,eyJhbGciOiJIUzM4NCJ9.eyJwaG9uZSI6IjEzODAwMDAwMDc2IiwidHlwZSI6ImFjY2VzcyIsInVzZXJJZCI6IlVTRVJfMTc2MjMzNjU1MDQwNF85NjgiLCJzdWIiOiJVU0VSXzE3NjIzMzY1NTA0MDRfOTY4IiwiaWF0IjoxNzYyMzM2NTUwLCJleHAiOjE3NjI0MjI5NTB9.t3ONRCEb5j-AjHoorUinNsjnTuQYurTLhiauKnpN8z1Pqt_eTy6XsLJIaYM_Ndaq,USER_1762336550404_968
username_test_77,13800000077,eyJhbGciOiJIUzM4NCJ9.eyJwaG9uZSI6IjEzODAwMDAwMDc3IiwidHlwZSI6ImFjY2VzcyIsInVzZXJJZCI6IlVTRVJfMTc2MjMzNjU1MDU3OV83OTciLCJzdWIiOiJVU0VSXzE3NjIzMzY1NTA1NzlfNzk3IiwiaWF0IjoxNzYyMzM2NTUwLCJleHAiOjE3NjI0MjI5NTB9.H3obtUHfQdxuMAygaPo9nrIbmFZaMCv3PwmmKG5AMamkH6d4ECutwZBsu6PGSiPQ,USER_1762336550579_797
username_test_78,13800000078,eyJhbGciOiJIUzM4NCJ9.eyJwaG9uZSI6IjEzODAwMDAwMDc4IiwidHlwZSI6ImFjY2VzcyIsInVzZXJJZCI6IlVTRVJfMTc2MjMzNjU1MDc1NF82MTUiLCJzdWIiOiJVU0VSXzE3NjIzMzY1NTA3NTRfNjE1IiwiaWF0IjoxNzYyMzM2NTUwLCJleHAiOjE3NjI0MjI5NTB9.6Wo2pqseILvUV2QPGBm-7k1ATaUAsUvLhxktyBCCUkhPAIMqRquAxpDJYhPGT6Jw,USER_1762336550754_615
username_test_79,13800000079,eyJhbGciOiJIUzM4NCJ9.eyJwaG9uZSI6IjEzODAwMDAwMDc5IiwidHlwZSI6ImFjY2VzcyIsInVzZXJJZCI6IlVTRVJfMTc2MjMzNjU1MDkzMV82OTAiLCJzdWIiOiJVU0VSXzE3NjIzMzY1NTA5MzFfNjkwIiwiaWF0IjoxNzYyMzM2NTUxLCJleHAiOjE3NjI0MjI5NTF9.xqC9dOkOXF4uYgBrEKKAt4f0YPQqtG3PyBeVXsUF6_n5VAJv-GkRofdRkzexWmFu,USER_1762336550931_690
username_test_80,13800000080,eyJhbGciOiJIUzM4NCJ9.eyJwaG9uZSI6IjEzODAwMDAwMDgwIiwidHlwZSI6ImFjY2VzcyIsInVzZXJJZCI6IlVTRVJfMTc2MjMzNjU1MTEwOF82OTQiLCJzdWIiOiJVU0VSXzE3NjIzMzY1NTExMDhfNjk0IiwiaWF0IjoxNzYyMzM2NTUxLCJleHAiOjE3NjI0MjI5NTF9.DtNvPj4gOhyg5wnyQaseT_H8FPbvXc2grV6k85ciCq2IvyyMt0kHnf4Z3rJVdBos,USER_1762336551108_694
username_test_81,13800000081,eyJhbGciOiJIUzM4NCJ9.eyJwaG9uZSI6IjEzODAwMDAwMDgxIiwidHlwZSI6ImFjY2VzcyIsInVzZXJJZCI6IlVTRVJfMTc2MjMzNjU1MTI4Nl82MzkiLCJzdWIiOiJVU0VSXzE3NjIzMzY1NTEyODZfNjM5IiwiaWF0IjoxNzYyMzM2NTUxLCJleHAiOjE3NjI0MjI5NTF9.Bh6ZPAp8D4JEcbFxeOMgUPkr1Unq5BeDqZ4WDq0uLNfQxD5-YHz45r1KeYftfnMv,USER_1762336551286_639
username_test_82,13800000082,eyJhbGciOiJIUzM4NCJ9.eyJwaG9uZSI6IjEzODAwMDAwMDgyIiwidHlwZSI6ImFjY2VzcyIsInVzZXJJZCI6IlVTRVJfMTc2MjMzNjU1MTQ4OV84MzkiLCJzdWIiOiJVU0VSXzE3NjIzMzY1NTE0ODlfODM5IiwiaWF0IjoxNzYyMzM2NTUyLCJleHAiOjE3NjI0MjI5NTJ9.LuzarRxEx_lydsx2R7DOXNMWTwtv6nSZGPyrIDstt7jZP7r4hIxrYoC6ufhyehpr,USER_1762336551489_839
username_test_83,13800000083,eyJhbGciOiJIUzM4NCJ9.eyJwaG9uZSI6IjEzODAwMDAwMDgzIiwidHlwZSI6ImFjY2VzcyIsInVzZXJJZCI6IlVTRVJfMTc2MjMzNjU1MjM5MF8yMDkiLCJzdWIiOiJVU0VSXzE3NjIzMzY1NTIzOTBfMjA5IiwiaWF0IjoxNzYyMzM2NTUyLCJleHAiOjE3NjI0MjI5NTJ9.UjfY-L8LRQumCoW6lTYbmNTti0g8Dskdi214udKIThq4gUbt_9AJ4EXqHluBJzEp,USER_1762336552390_209
username_test_84,13800000084,eyJhbGciOiJIUzM4NCJ9.eyJwaG9uZSI6IjEzODAwMDAwMDg0IiwidHlwZSI6ImFjY2VzcyIsInVzZXJJZCI6IlVTRVJfMTc2MjMzNjU1MjYwM185NDgiLCJzdWIiOiJVU0VSXzE3NjIzMzY1NTI2MDNfOTQ4IiwiaWF0IjoxNzYyMzM2NTUyLCJleHAiOjE3NjI0MjI5NTJ9.K-YW2xD_tFuF4qTeA9wN-vUL-vBegNhS5lTodFcxsWmAdDT5AYANwPx3FoLJkD6B,USER_1762336552603_948
username_test_85,13800000085,eyJhbGciOiJIUzM4NCJ9.eyJwaG9uZSI6IjEzODAwMDAwMDg1IiwidHlwZSI6ImFjY2VzcyIsInVzZXJJZCI6IlVTRVJfMTc2MjMzNjU1Mjc3OF8xMTQiLCJzdWIiOiJVU0VSXzE3NjIzMzY1NTI3NzhfMTE0IiwiaWF0IjoxNzYyMzM2NTUyLCJleHAiOjE3NjI0MjI5NTJ9.fe1OFdkX6U0gRFy1qSHh8qX0f8v53C3ndNe3J4OXe4LI8nZ2X2KGkEuRGP0sROQc,USER_1762336552778_114
username_test_86,13800000086,eyJhbGciOiJIUzM4NCJ9.eyJwaG9uZSI6IjEzODAwMDAwMDg2IiwidHlwZSI6ImFjY2VzcyIsInVzZXJJZCI6IlVTRVJfMTc2MjMzNjU1Mjk1Ml82ODAiLCJzdWIiOiJVU0VSXzE3NjIzMzY1NTI5NTJfNjgwIiwiaWF0IjoxNzYyMzM2NTUzLCJleHAiOjE3NjI0MjI5NTN9.bFBsPgzsCmDjapf8AWAuziRrqVFJuLDhI3uUigGwj0MVem6G4PLGO5OlVeYH2xUz,USER_1762336552952_680
username_test_87,13800000087,eyJhbGciOiJIUzM4NCJ9.eyJwaG9uZSI6IjEzODAwMDAwMDg3IiwidHlwZSI6ImFjY2VzcyIsInVzZXJJZCI6IlVTRVJfMTc2MjMzNjU1MzEzMV8zMjIiLCJzdWIiOiJVU0VSXzE3NjIzMzY1NTMxMzFfMzIyIiwiaWF0IjoxNzYyMzM2NTUzLCJleHAiOjE3NjI0MjI5NTN9.kL47tQcvKRpqmm_a0hhAGt8qAqMNC3uZ0IY4mwElXCZC7BaScy72l9f1e8hlJSLz,USER_1762336553131_322
username_test_88,13800000088,eyJhbGciOiJIUzM4NCJ9.eyJwaG9uZSI6IjEzODAwMDAwMDg4IiwidHlwZSI6ImFjY2VzcyIsInVzZXJJZCI6IlVTRVJfMTc2MjMzNjU1MzMwNV80MzIiLCJzdWIiOiJVU0VSXzE3NjIzMzY1NTMzMDVfNDMyIiwiaWF0IjoxNzYyMzM2NTUzLCJleHAiOjE3NjI0MjI5NTN9.aCP2kUxYFkK5XkiZID2R54LDmYQG2ryP6u8eU_OESb9cA_NFtCvFkLVxtKn6uRS7,USER_1762336553305_432
username_test_89,13800000089,eyJhbGciOiJIUzM4NCJ9.eyJwaG9uZSI6IjEzODAwMDAwMDg5IiwidHlwZSI6ImFjY2VzcyIsInVzZXJJZCI6IlVTRVJfMTc2MjMzNjU1MzQ4MF85OTEiLCJzdWIiOiJVU0VSXzE3NjIzMzY1NTM0ODBfOTkxIiwiaWF0IjoxNzYyMzM2NTUzLCJleHAiOjE3NjI0MjI5NTN9.piVWpnresJVxO4cvgTdJd6WIxtv9uXHq4dSWe_c4jKwYnNFSUZ07nA-ARGypyiaL,USER_1762336553480_991
username_test_90,13800000090,eyJhbGciOiJIUzM4NCJ9.eyJwaG9uZSI6IjEzODAwMDAwMDkwIiwidHlwZSI6ImFjY2VzcyIsInVzZXJJZCI6IlVTRVJfMTc2MjMzNjU1MzY1Nl8zNzIiLCJzdWIiOiJVU0VSXzE3NjIzMzY1NTM2NTZfMzcyIiwiaWF0IjoxNzYyMzM2NTUzLCJleHAiOjE3NjI0MjI5NTN9.of0dY527VHu3j4sXCuEvJ_fcEwmJCXWuC60eDq8ZLR4mUnjVTlCsXRcRo_Cu_DbY,USER_1762336553656_372
username_test_91,13800000091,eyJhbGciOiJIUzM4NCJ9.eyJwaG9uZSI6IjEzODAwMDAwMDkxIiwidHlwZSI6ImFjY2VzcyIsInVzZXJJZCI6IlVTRVJfMTc2MjMzNjU1MzgzMF80MDUiLCJzdWIiOiJVU0VSXzE3NjIzMzY1NTM4MzBfNDA1IiwiaWF0IjoxNzYyMzM2NTUzLCJleHAiOjE3NjI0MjI5NTN9.wgnPjfBFbmmvQHzVMGhcVHesmsLYF3mfvtI1yKULZC2cfYXw4-OM-GwyLGMIlksM,USER_1762336553830_405
username_test_92,13800000092,eyJhbGciOiJIUzM4NCJ9.eyJwaG9uZSI6IjEzODAwMDAwMDkyIiwidHlwZSI6ImFjY2VzcyIsInVzZXJJZCI6IlVTRVJfMTc2MjMzNjU1NDAwNl80NDMiLCJzdWIiOiJVU0VSXzE3NjIzMzY1NTQwMDZfNDQzIiwiaWF0IjoxNzYyMzM2NTU0LCJleHAiOjE3NjI0MjI5NTR9.s5rfnZ5ujtzlEzLQT43bOKobZ9FdDjnz6wSoB4sRcCOw66w6iIXs5vLeUTihJ7QB,USER_1762336554006_443
username_test_93,13800000093,eyJhbGciOiJIUzM4NCJ9.eyJwaG9uZSI6IjEzODAwMDAwMDkzIiwidHlwZSI6ImFjY2VzcyIsInVzZXJJZCI6IlVTRVJfMTc2MjMzNjU1NDE4MV8zMCIsInN1YiI6IlVTRVJfMTc2MjMzNjU1NDE4MV8zMCIsImlhdCI6MTc2MjMzNjU1NCwiZXhwIjoxNzYyNDIyOTU0fQ.PvJy_M0WchMN1JPpWM0TQFW61Qu50iZMOmJ9l2SkBF7tQNAM8JL5nnenJQD967mf,USER_1762336554181_30
username_test_94,13800000094,eyJhbGciOiJIUzM4NCJ9.eyJwaG9uZSI6IjEzODAwMDAwMDk0IiwidHlwZSI6ImFjY2VzcyIsInVzZXJJZCI6IlVTRVJfMTc2MjMzNjU1NDM1OF80NiIsInN1YiI6IlVTRVJfMTc2MjMzNjU1NDM1OF80NiIsImlhdCI6MTc2MjMzNjU1NCwiZXhwIjoxNzYyNDIyOTU0fQ.t4Z2_ZIGS2QD4YK30sHOKOwucaP7vXo80FazkJC5XtciOxX3ibS0RsPap8LUbext,USER_1762336554358_46
username_test_95,13800000095,eyJhbGciOiJIUzM4NCJ9.eyJwaG9uZSI6IjEzODAwMDAwMDk1IiwidHlwZSI6ImFjY2VzcyIsInVzZXJJZCI6IlVTRVJfMTc2MjMzNjU1NDUzM184OTkiLCJzdWIiOiJVU0VSXzE3NjIzMzY1NTQ1MzNfODk5IiwiaWF0IjoxNzYyMzM2NTU0LCJleHAiOjE3NjI0MjI5NTR9.M5_3os8gs_FWAt0R7c_Os7kck8tfG5X2AN_Q3Oa3ZahoF4pl8VFgvrfrSvyaHfM3,USER_1762336554533_899
username_test_96,13800000096,eyJhbGciOiJIUzM4NCJ9.eyJwaG9uZSI6IjEzODAwMDAwMDk2IiwidHlwZSI6ImFjY2VzcyIsInVzZXJJZCI6IlVTRVJfMTc2MjMzNjU1NDcwOF82MiIsInN1YiI6IlVTRVJfMTc2MjMzNjU1NDcwOF82MiIsImlhdCI6MTc2MjMzNjU1NCwiZXhwIjoxNzYyNDIyOTU0fQ.rNBWri9E870abwnqhkhEgkdP6FlA_EieQPu7MdiuQiUOIw0NRfBZYYf54W2r-SjZ,USER_1762336554708_62
username_test_97,13800000097,eyJhbGciOiJIUzM4NCJ9.eyJwaG9uZSI6IjEzODAwMDAwMDk3IiwidHlwZSI6ImFjY2VzcyIsInVzZXJJZCI6IlVTRVJfMTc2MjMzNjU1NDg4NF80NTIiLCJzdWIiOiJVU0VSXzE3NjIzMzY1NTQ4ODRfNDUyIiwiaWF0IjoxNzYyMzM2NTU0LCJleHAiOjE3NjI0MjI5NTR9.gip6OaVa4Gq8zjTUcr84vndOxJgUBaiX4apH_H20tAW1HfMR3HSTsqTQtSSbKlVx,USER_1762336554884_452
username_test_98,13800000098,eyJhbGciOiJIUzM4NCJ9.eyJwaG9uZSI6IjEzODAwMDAwMDk4IiwidHlwZSI6ImFjY2VzcyIsInVzZXJJZCI6IlVTRVJfMTc2MjMzNjU1NTA1OV80OTAiLCJzdWIiOiJVU0VSXzE3NjIzMzY1NTUwNTlfNDkwIiwiaWF0IjoxNzYyMzM2NTU1LCJleHAiOjE3NjI0MjI5NTV9.TB8C890YtU1E57XmNQSTdxFdfGenbUxAxN-IB-XJVkD88_C2QWyfl20Z3Wi6SoEK,USER_1762336555059_490
username_test_99,13800000099,eyJhbGciOiJIUzM4NCJ9.eyJwaG9uZSI6IjEzODAwMDAwMDk5IiwidHlwZSI6ImFjY2VzcyIsInVzZXJJZCI6IlVTRVJfMTc2MjMzNjU1NTIzNl84NTMiLCJzdWIiOiJVU0VSXzE3NjIzMzY1NTUyMzZfODUzIiwiaWF0IjoxNzYyMzM2NTU1LCJleHAiOjE3NjI0MjI5NTV9.EHzQWYMl78aSAE4h3tEreryWmwa6qHk0TyK54qigBycqykaRLBYI04e_TmZYwvkE,USER_1762336555236_853
username_test_100,13800000100,eyJhbGciOiJIUzM4NCJ9.eyJwaG9uZSI6IjEzODAwMDAwMTAwIiwidHlwZSI6ImFjY2VzcyIsInVzZXJJZCI6IlVTRVJfMTc2MjMzNjU1NTQyOF8zMTciLCJzdWIiOiJVU0VSXzE3NjIzMzY1NTU0MjhfMzE3IiwiaWF0IjoxNzYyMzM2NTU1LCJleHAiOjE3NjI0MjI5NTV9.KHw8x2j37zqOhCKUit7FC7Ze5R29Yx-mrNkCnNZ4rh04t7dxoJW2KOCQ-Tk-lQGw,USER_1762336555428_317
